<?xml version="1.0" encoding="UTF-8"?>
<ruleset name="Custom ruleset">
    <description>This ruleset detects bad practices in code</description>

    <!-- exclusions for generated files -->
    <exclude-pattern>.*/proto/.*</exclude-pattern>
    <exclude-pattern>.*/test/.*</exclude-pattern>


    <!-- Place to add your rules -->
    <rule ref="category/java/bestpractices.xml">
        <exclude name="JUnitTestsShouldIncludeAssert"/>
        <exclude name="SystemPrintln"/>
    </rule>

    <rule ref="category/java/codestyle.xml">
        <exclude name="AtLeastOneConstructor"/>
        <exclude name="OnlyOneReturn"/>
        <exclude name="ShortVariable"/>
        <exclude name="ShortClassName"/>
        <exclude name="LinguisticNaming"/>
        <exclude name="ClassNamingConventions"></exclude>
    </rule>

    <rule ref="category/java/design.xml">
        <exclude name="LoosePackageCoupling" />
        <exclude name="LawOfDemeter"/>
        <exclude name="ExcessiveParameterList"/>
        <exclude name="DataClass"/>
        <exclude name="AvoidCatchingGenericException"/>
        <exclude name="TooManyFields"/>
    </rule>

    <rule ref="category/java/design.xml/TooManyMethods">
        <properties>
            <property name="maxmethods" value="20"/>
        </properties>
    </rule>

    <rule ref="category/java/documentation.xml">
        <exclude name="CommentSize"/>
    </rule>

    <rule ref="category/java/documentation.xml/CommentRequired">
        <properties>
            <property name="fieldCommentRequirement" value="Ignored"/>
        </properties>
    </rule>



    <rule ref="category/java/multithreading.xml"/>

    <rule ref="category/java/performance.xml"/>

    <rule ref="category/java/security.xml"/>

    <rule ref="category/java/errorprone.xml">
        <exclude name="BeanMembersShouldSerialize"/>
        <exclude name="MissingSerialVersionUID"/>
        <exclude name="DataflowAnomalyAnalysis"/>
    </rule>

    <rule ref="category/java/codestyle.xml/LongVariable">
        <properties>
            <property name="minimum" value="55"/>
            <property name="xpath">
                <value>
                    <![CDATA[//VariableDeclaratorId[string-length(@Image) > $minimum]]]>
                </value>
            </property>
        </properties>
    </rule>

</ruleset>